{
    "Chase": {
        "Checking/savings": {
            "< Back": ""
        },
        "Credit": {
            "< Back": ""
        },
        "Debit+pin": {
            "< Back": ""
        },
        "< Back": ""
    },
    "Wells Frago": {
        "Checking/savings": {
            "< Back": ""
        },
        "Credit": {
            "product: 30$": {
                "id": 705004,
                "link": "https://t.me/dNdstore_bot?start=cHJvZHVjdDogMzAkLUNyZWRpdC1XZWxscyBGcmFnbw==",
                "img": "/root/phbot/bot/database/images/154335650938.jpg",
                "info": "product info\nBOT TESTING \nPREVIEW HOW BOT WILL WORK",
                "cred": "credentials\nXYZ",
                "seller": {
                    "userid": 2081448891,
                    "username": "come2phoenix"
                }
            },
            "< Back": ""
        },
        "Debit+pin": {
            "< Back": ""
        },
        "< Back": ""
    },
    "BOA": {
        "Checking/savings": {
            "< Back": ""
        },
        "Credit": {
            "product: 900$": {
                "id": 404618,
                "link": "https://t.me/dNdstore_bot?start=cHJvZHVjdDogOTAwJC1DcmVkaXQtQk9B",
                "img": "/root/phbot/bot/database/images/486912181663.jpg",
                "info": "product info",
                "cred": "credentials",
                "seller": {
                    "userid": 2081448891,
                    "username": "come2phoenix"
                }
            },
            "< Back": ""
        },
        "Debit+pin": {
            "< Back": ""
        },
        "< Back": ""
    },
    "Other banks": {
        "Checking/savings": {
            "product: 380$": {
                "id": 584987,
                "link": "https://t.me/dNdstore_bot?start=cHJvZHVjdDogMzgwJC1DaGVja2luZy9zYXZpbmdzLU90aGVyIGJhbmtz",
                "img": "/root/phbot/bot/database/images/826533140186.jpg",
                "info": "product info\nRBFCU BANK\nONLINE\nSQ ANS\nWIRE ON\nSSN + DOB\nIP/UA",
                "cred": "credentials\nUsername         : soniamandujano1966 \nPassword         : Savannah2020 \nSQ and Ans         : What is your favorite food? \nAnswer         : Pasha \nFULL NAME         : Sonia Mandujano \nDOB (MM/DD/YYYY): 03/05/1966 \nSSN             : 456539239 \nAddress         : 2910 ash field drive \nState             : Texas \nZip             : 78245 \nPhone Number     : (210) 708 5904 \nCarrier Pin     : 1966 \n    -------- I N F O | I P  -------- \nIP        : 172.58.199.228 \nIP lookup        : https://ip-api.com/172.58.199.228 \nOS        : Mozilla/5.0 (iPhone; CPU iPhone OS 15_3_1 like Mac OS X) AppleWebKit/605.1.15 (KHTML, like Gecko) Version/15.3 Mobile/15E148 Safari/604.1",
                "seller": {
                    "userid": 2081448891,
                    "username": "come2phoenix"
                }
            },
            "< Back": ""
        },
        "Credit": {
            "< Back": ""
        },
        "Debit+pin": {
            "< Back": ""
        },
        "< Back": ""
    }
}