{
    "2081448891": {
        "username": "come2phoenix",
        "usd": 97941
    },
    "1248688275": {
        "username": "xy0ke",
        "usd": 0
    },
    "996330964": {
        "username": "V3NOMPRIME",
        "usd": 0
    },
    "1946383137": {
        "username": "Vansh_707",
        "usd": 0
    },
    "1056370282": {
        "username": "sou1taker69",
        "usd": 0
    },
    "5114256613": {
        "username": "kanyecrazy",
        "usd": 0
    },
    "1312958020": {
        "username": "AK_rautela",
        "usd": 0
    },
    "882190835": {
        "username": "ksndbdnxn",
        "usd": 11
    },
    "714804998": {
        "username": "kells121",
        "usd": 0
    },
    "5233118670": {
        "username": "cali12232",
        "usd": 0
    },
    "2128148436": {
        "username": "bullshitguy12",
        "usd": 0
    },
    "1004672806": {
        "username": "cute54",
        "usd": 0
    },
    "1202907292": {
        "username": "EL_DR4CONI4N",
        "usd": 0
    },
    "2035838194": {
        "username": "elvish_xd",
        "usd": 0
    },
    "1996955592": {
        "username": "X_VIRUS_IS_BACK_X",
        "usd": 0
    },
    "1019373060": {
        "username": "g3uapanese",
        "usd": 0
    },
    "1366313667": {
        "username": "DripLinkz",
        "usd": 0
    },
    "815573746": {
        "username": "xjugg",
        "usd": 0
    },
    "1477578268": {
        "username": "OG_SRV",
        "usd": 0
    },
    "1714210665": {
        "username": "Takemoneyrio",
        "usd": 0
    },
    "1903634545": {
        "username": "isetausername",
        "usd": 0
    },
    "1433990845": {
        "username": "emailserver",
        "usd": 0
    },
    "5286028922": {
        "username": "X_AK_R",
        "usd": 0
    },
    "1697970174": {
        "username": "Godrahulback",
        "usd": 0
    },
    "5258077423": {
        "username": "X_PHOENIX_X",
        "usd": 99999
    },
    "684062196": {
        "username": "carlonch5",
        "usd": 0
    },
    "5002551487": {
        "username": "Spammer_99",
        "usd": 0
    },
    "604255534": {
        "username": "Hacker_king_18",
        "usd": 0
    },
    "815666157": {
        "username": "Premiumguruji",
        "usd": 0
    },
    "5138940772": {
        "username": "phoenixresults",
        "usd": 0
    },
    "5036355421": {
        "username": "Quantumsms2",
        "usd": 0
    },
    "656756516": {
        "username": "X0TIC_OP",
        "usd": 0
    },
    "640928615": {
        "username": "NarendraNotModi",
        "usd": 0
    },
    "1356104903": {
        "username": "Spamming_Toolss",
        "usd": 0
    },
    "1946706328": {
        "username": "God_Owner",
        "usd": 0
    },
    "659668670": {
        "username": "Uncharterd",
        "usd": 0
    },
    "745405499": {
        "username": "smtpless",
        "usd": 0
    },
    "612447529": {
        "username": "erwinbrown1",
        "usd": 0
    },
    "752525527": {
        "username": "Mr_vision0",
        "usd": 0
    },
    "2001479167": {
        "username": "dexe_69",
        "usd": 0
    },
    "1042380479": {
        "username": "Goku00789",
        "usd": 0
    },
    "1627020048": {
        "username": "Thegod_xD",
        "usd": 0
    },
    "1301593204": {
        "username": "Bl00P3R",
        "usd": 0
    },
    "885255099": {
        "username": "Legit_human",
        "usd": 0
    },
    "658698466": {
        "username": "Youknowme21",
        "usd": 0
    },
    "1156711924": {
        "username": "Hacker090",
        "usd": 0
    },
    "2086869589": {
        "username": "DistanceLiner",
        "usd": 0
    }
}